algo,R,PSNR(dB),Runtime(s)
full,8,22.949772765464118,4.360785836994182
full,16,25.507676232605917,14.270958625013009
full,32,29.10300412037615,54.16452585498337
