algo,R,PSNR(dB),Runtime(s)
tss,8,16.667398649045953,0.5115030750166625
tss,16,16.913337039236833,0.5459923450252973
tss,32,16.678499539666387,0.6191355460323393
